Name,Size (bytes),Last Modification Date
image1.jpg,28171,Wed Jul 26 13:28:08 2023
image2.jpg,21422,Wed Jul 26 13:28:08 2023
image3.jpg,28564,Wed Jul 26 13:28:08 2023
image4.jpg,23076,Wed Jul 26 13:28:08 2023
image5.jpg,27263,Wed Jul 26 13:28:08 2023
image6.jpg,25025,Wed Jul 26 13:28:08 2023
image7.jpg,15955,Wed Jul 26 13:28:08 2023
image8.jpg,29918,Wed Jul 26 13:28:08 2023
image9.jpg,25524,Wed Jul 26 13:28:08 2023
image10.jpg,32825,Wed Jul 26 13:28:08 2023
image11.jpg,21284,Wed Jul 26 13:28:08 2023
image12.jpg,23982,Wed Jul 26 13:28:08 2023
image13.jpg,22605,Wed Jul 26 13:28:08 2023
image14.jpg,19102,Wed Jul 26 13:28:08 2023
image15.jpg,27387,Wed Jul 26 13:28:08 2023
image16.jpg,29076,Wed Jul 26 13:28:08 2023
image17.jpg,24306,Wed Jul 26 13:28:08 2023
image18.jpg,27281,Wed Jul 26 13:28:08 2023
image19.jpg,27366,Wed Jul 26 13:28:08 2023
image20.jpg,25463,Wed Jul 26 13:28:08 2023
image21.jpg,23599,Wed Jul 26 13:28:08 2023
image22.jpg,21837,Wed Jul 26 13:28:08 2023
image23.jpg,27535,Wed Jul 26 13:28:08 2023
image24.jpg,28137,Wed Jul 26 13:28:08 2023
image25.jpg,21029,Wed Jul 26 13:28:08 2023
image26.jpg,26808,Wed Jul 26 13:28:08 2023
image27.jpg,15875,Wed Jul 26 13:28:08 2023
image28.jpg,22431,Wed Jul 26 13:28:08 2023
image29.jpg,21780,Wed Jul 26 13:28:08 2023
image30.jpg,17933,Wed Jul 26 13:28:08 2023
image31.jpg,22815,Wed Jul 26 13:28:08 2023
image32.jpg,21314,Wed Jul 26 13:28:08 2023
image33.jpg,24144,Wed Jul 26 13:28:08 2023
image34.jpg,26866,Wed Jul 26 13:28:08 2023
image35.jpg,22319,Wed Jul 26 13:28:08 2023
image36.jpg,24304,Wed Jul 26 13:28:08 2023
